Movie Name,Hong Kong,United Kingdom,Italy,France,United Arab Emirates,Poland,Greece,Portugal,Lebanon,Ukraine,Croatia,Iceland,Serbia and Montenegro,Oman,Spain,Russia/CIS,Singapore,Vietnam,Thailand,Malaysia,Philippines,South Korea,New Zealand,China,Domestic,Germany,Netherlands,Belgium,Sweden,Austria,Switzerland (German),Israel,Denmark,Norway,Finland,Czech Republic,Türkiye,Hungary,South Africa,Switzerland (French),Switzerland,Slovakia,Romania,Ghana,Lithuania,Bulgaria,Slovenia,Latvia,Estonia,Jordan,Egypt,Kenya,Nigeria,Mexico,Brazil,Argentina,Venezuela,Chile,Colombia,Peru,Ecuador,Uruguay,Bolivia,Japan,Australia,Taiwan,India,Ethiopia,Russia,Indonesia,Cambodia,Qatar,Bahrain,Pakistan
Queen (2013),"$164,862",,,,,,,,,,,,,,,,,,,,,,,,,,,,,,,,,,,,,,,,,,,,,,,,,,,,,,,,,,,,,,,,,,,,,,,,,
Minions (2015),"$10,765,995","$72,674,232","$26,388,026","$43,991,439","$4,670,863","$7,979,690","$2,125,147","$5,280,832","$1,046,107","$2,046,677","$885,351","$424,422","$464,221",$327,"$26,857,553","$30,015,860","$5,214,884","$4,112,942","$3,329,352","$4,992,809","$6,503,404","$15,354,584","$4,082,606","$68,490,000","$336,045,770","$63,194,771","$14,967,100","$8,872,257","$7,380,925","$7,056,436","$7,020,138","$5,570,204","$5,362,111","$5,347,124","$4,553,405","$4,268,223","$4,053,515","$3,493,481","$3,378,329","$2,973,388","$2,151,274","$2,077,642","$2,046,175","$1,723,738","$1,312,242","$1,235,559","$891,891","$834,956","$758,785","$692,283","$185,991","$77,586","$36,747","$43,910,109","$37,452,980","$36,154,412","$27,015,386","$10,244,790","$8,962,709","$5,872,891","$3,407,260","$1,696,276","$1,403,340","$42,726,353","$23,451,902","$10,267,334","$2,617,696",,,,,,,
The Good Dinosaur (2015),"$3,422,925","$21,333,175","$6,440,787","$18,050,686","$1,865,427","$2,978,700","$1,254,655","$1,155,876","$229,770","$715,769","$102,903","$183,170","$206,391","$23,509","$10,383,999","$4,689,486","$2,221,358","$1,461,076","$1,001,123","$2,301,623","$1,449,207","$8,139,999","$1,493,066",,,"$5,600,429","$3,717,593","$2,545,503","$3,695,863","$861,576","$504,626","$1,778,341","$2,073,842","$1,789,446","$843,141","$679,990","$3,103,344","$439,851","$741,867","$713,730",,"$229,330","$523,837",,"$198,557","$354,178","$139,058","$111,641",,,,"$14,514",,"$13,253,270","$11,896,288","$5,350,035","$10,830,620","$2,994,165","$2,804,484","$2,717,196","$1,651,915","$207,875","$967,998","$14,923,467","$10,294,894","$2,094,166",,,,,,,,
Black Mass (2015),"$150,214","$4,723,639","$2,424,788","$2,096,120","$945,660","$355,664","$441,165","$470,667","$156,267","$266,720","$97,958","$75,682","$62,132","$3,324","$1,614,056","$2,113,906","$268,361",,,,"$78,834",,"$239,781",,,"$2,076,733","$783,991","$351,685","$726,789","$235,862","$294,453","$284,614","$367,991","$279,781","$146,873","$59,889","$233,321","$144,708","$122,432","$99,954",,"$83,718","$242,528",,"$16,037","$83,528","$24,375","$34,479","$35,002",,,"$20,510",,"$943,278","$935,973","$718,398","$39,228","$88,204","$65,625","$55,688","$50,964","$22,619","$17,924","$3,308,549","$1,933,634","$400,609","$344,908",,,,,,,
Spectre (2015),"$5,631,130","$124,550,656","$13,609,170","$39,509,522","$6,058,268","$8,969,943","$3,700,102","$2,802,979","$1,090,642","$1,507,671","$1,014,459","$516,267","$431,644","$101,724","$8,068,096","$11,584,933","$4,598,137","$2,015,288","$4,364,330","$5,361,057","$3,202,807","$12,053,239","$3,970,646","$83,509,789","$200,074,609","$72,716,675","$22,118,230","$7,899,617","$13,259,877","$8,141,137","$13,165,256","$2,732,288","$14,213,968","$9,657,486","$9,260,527","$2,391,129","$2,821,829","$1,333,699","$2,669,309","$3,399,713",,"$943,815","$1,499,723","$61,329","$415,692","$7,235","$535,765","$487,808","$633,467",,"$267,637","$326,291","$477,173","$11,604,067","$8,266,418","$2,242,749","$4,765,612","$970,358","$1,926,524","$927,412","$790,731","$138,455","$242,051","$24,231,095","$25,380,847","$5,666,876","$8,350,274","$16,126",,,,,,
Protégé (2007),"$3,395,447",,,,,,,,,,,,,,,,,,"$77,414",,,,,"$8,069,097",,,,,,,,,,,,,,,,,,,,,,,,,,,,,,,,,,,,,,,,,,"$218,258",,,,,,,,
Steve Jobs (2015),"$432,152","$3,377,030","$1,143,303","$928,367","$171,210","$288,905","$36,446","$163,997","$51,737","$241,589","$14,415","$13,508","$14,671","$3,424","$1,653,357","$381,236",,,"$173,586",,,"$436,041","$53,090",,,"$1,163,275","$201,231","$123,725","$117,086","$192,847","$151,052","$162,398","$74,945","$58,991","$67,259","$112,604","$148,639","$39,604","$57,111",,,"$50,753","$63,011",,"$21,279","$75,116","$24,527","$11,686","$19,373",,,,,"$642,058","$359,092","$208,034","$11,422","$52,714","$86,888","$123,008","$60,320","$20,973","$21,270","$268,658","$431,207","$199,275",,,,,,,,
Macbeth (2015),"$27,245","$4,339,629","$1,970,253","$228,215","$129,994","$436,267","$209,785","$19,051","$55,443","$41,065","$18,826","$2,688",,"$1,330","$675,355","$552,940","$67,977","$60,398",,"$20,133",,"$4,825","$67,070",,,"$687,087",,,,"$112,504",,,"$117,160","$64,179","$7,888",,"$200,982",,"$27,781",,,"$9,054","$99,142","$95,200","$21,422","$20,387",$558,"$20,888",,,,,,"$106,421","$204,972","$142,109",,,,"$26,484",,,,,"$209,028",,,,,,,,,
Vacation (2015),"$275,223","$2,088,954","$3,123,973","$2,000,000","$855,825","$631,523","$99,154","$262,887","$295,798","$399,139","$94,796","$149,058","$57,346",,"$3,071,875","$5,003,576","$335,308","$292,217",,"$166,126","$46,899",,"$283,436",,,"$1,680,647","$909,851","$450,262","$407,895","$440,493","$452,768","$1,391,416","$526,998","$622,774","$151,206","$99,309",,"$702,477","$335,603","$60,021",,"$189,777","$425,813",,"$92,969","$124,677","$48,985","$78,973","$74,427","$102,188",,"$10,327","$20,830","$4,704,406","$984,910","$523,754","$2,421,226","$100,883","$587,287","$870,853","$188,241","$124,981","$253,145",,"$3,280,414","$887,008","$83,126",,"$4,400,000",,,,,
Manglehorn (2014),"$13,097",,,"$80,950",,"$78,642",,"$4,721","$10,687",,,,,,"$105,604",,,,,,,"$10,440",,,,,"$12,394",,,,,,,,,,,,,,,,,,,,,,,,,,,,,,,,,,,,,,,,,,,,,,,
Love in the Buff (2012),"$3,605,850",,,,,,,,,,,,,,,,"$28,806",,,"$85,128",,,"$7,825",,,,,,,,,,,,,,,,,,,,,,,,,,,,,,,,,,,,,,,,,,"$61,321",,,,,,,,,
The Eye 3 (2005),"$976,256",,"$247,825",,,,,,,,,,,,,,,,"$730,800",,,,,,,,,,,,,,,,,,,,,,,,,,,,,,,,,,,,,,,,,,,,,,,"$649,331",,,,,,,,
Batman v Superman: Dawn of Justice (2016),"$8,504,499","$53,128,158","$12,098,949","$21,319,616","$7,031,185","$2,300,823","$2,125,858","$2,222,072","$843,082","$1,279,073","$522,416","$283,469","$243,971","$475,077","$11,396,396","$12,683,409","$5,742,914","$2,240,920","$5,388,316","$7,500,064","$11,214,492","$16,457,193","$3,269,068","$95,769,365","$330,360,194","$18,918,262","$4,181,863","$2,685,186","$3,941,571","$2,564,737","$1,754,810","$2,612,698","$2,572,539","$3,297,349","$1,324,808","$1,118,646","$5,430,850","$1,037,694","$2,701,224","$1,029,568",,"$499,444","$1,556,295",,"$212,708","$540,102","$166,343","$251,315","$242,623",,"$1,501,078",,,"$36,621,767","$37,566,828","$7,592,895","$1,113,858","$5,181,205","$8,149,484","$4,999,649","$3,781,279","$329,922","$2,138,879","$16,531,874","$22,517,365","$7,238,467","$10,736,869",,,"$14,000,000","$170,698",,,
Goddess (2013),$779,,,,,,,,,,,,,,,,,,,,,,,,,,,,,,,,,,,,,,,,,,,,,,,,,,,,,,,,,,,,,,,,"$1,631,548",,,,,,,,,
Road to Ninja - Naruto the Movie (2012),"$63,253",,"$197,516",,,,,,,,,,,,,,"$70,950",,"$97,857","$1,234","$123,613",,,,"$43,171",,,,,,,,,,,,,,,,,,,,,,,,,,,,,,,,,,,,,,,"$17,278,965",,,,,,,,,,
Seal Team Six: The Raid on Osama Bin Laden (2012),"$96,998",,,,,,,,,,,,,,,,"$83,441",,,,,,,,,,,,,,,,,,,,,,,,,,,,,,,,,,,,,"$504,857","$96,354",,,,,,,,,,,,,,,,,,,
Amy (2015),"$26,289","$5,737,984","$944,284","$212,132",,"$581,273",,,,,"$23,036","$34,573","$8,437",,"$579,234","$101,892","$46,598",,"$54,902",,,"$70,547","$407,745",,"$8,413,144","$827,506","$1,687,401","$318,648","$125,231","$207,313","$133,805",,"$750,392","$225,661","$406,244","$160,938","$99,222",,,"$89,569","$89,611","$35,660","$15,027",,"$17,996",,,"$7,542",,,,,,"$62,964","$108,202",,,,,,,,,,"$1,095,384",,,,,,,,,
That Demon Within (2014),"$2,243,059",,,,,,,,,,,,,,,,"$93,343",,,"$393,629",,,"$23,413","$17,430,000",,,,,,,,,,,,,,,,,,,,,,,,,,,,,,,,,,,,,,,,,"$60,147",,,,,,,,,
Magic Mike XXL (2015),"$160,139","$10,466,689","$1,076,751","$1,284,811",,"$775,349","$16,474","$513,167","$21,137","$124,198","$114,545","$73,036","$19,305",,"$1,014,510","$1,371,075","$439,449",,"$155,742",,"$573,781",,"$995,247",,,"$8,006,367","$2,959,619","$1,369,797","$1,236,052","$1,162,767","$1,411,299","$73,531",,"$1,595,869","$974,794","$369,745",,"$78,963","$555,429","$169,992","$170,035","$362,611",,,"$63,296","$103,449","$76,350","$63,674","$68,447",,,,"$8,304","$274,633","$771,193","$115,206","$438,073","$27,200","$38,772","$34,465","$73,547","$16,575","$30,241",,"$9,036,427","$651,595",,,,,,,,
The Jungle Book (2016),"$3,403,921","$66,601,849","$11,956,478","$28,011,400","$9,159,319","$2,507,223",,"$882,767","$140,199","$1,723,037","$45,898","$229,521","$28,626","$142,477","$19,385,604","$20,359,530","$3,517,370",,"$5,219,657","$5,685,000","$3,536,000","$18,901,624","$3,464,927","$150,431,684","$364,001,123","$19,672,002","$10,665,030","$4,813,615","$7,715,641","$2,303,017","$2,270,210","$412,616","$2,883,901","$3,677,980","$1,137,691","$1,262,304","$1,163,056","$509,468","$2,126,980","$1,141,721","$3,701,126","$347,278","$1,797,170",,"$102,277","$763,873","$65,174",,"$42,500",,"$35,456",,,"$24,351,449","$10,886,275","$8,862,758","$1,517,326","$4,739,063","$5,629,021","$1,461,681","$1,349,242","$188,939","$842,959","$23,073,831","$20,727,878","$2,726,000","$38,835,000",,,,,,,
"Dragon Ball Z: Resurrection ""F"" (2015)","$269,649","$168,560","$589,376",,"$96,420",,,,,,,,"$2,919","$1,803","$289,150",,,"$16,785","$41,529","$225,065","$5,416","$150,465","$135,419","$1,607,680",,"$301,096",,,,,,,,,,,,,,,,,,,,,,,,,,,,"$6,155,757","$1,207,904","$2,902,971","$1,532,860","$1,391,670","$796,314","$2,037,530","$899,015","$45,799","$136,253","$30,117,264","$1,093,511",,,,,,,,,
The Man from U.N.C.L.E. (2015),"$759,059","$9,756,904","$859,792","$2,395,272","$1,408,709","$573,558","$481,343","$367,608","$133,513","$676,986","$139,568","$69,224","$68,338",,"$2,950,066","$9,094,917","$1,133,843","$543,529","$470,849","$912,124","$533,198","$720,214","$799,061",,,"$2,011,305","$763,454","$420,269","$670,469","$271,590","$287,948","$384,706","$203,117","$184,985","$121,957","$213,465","$575,577","$466,937","$303,061","$136,546",,"$117,416","$439,279","$481,343","$84,287","$256,539",,"$101,511","$87,799","$48,348","$141,782","$54,612",,"$1,997,078","$1,318,299","$368,127","$802,978","$89,422","$267,832","$80,724","$178,631","$9,433","$26,457","$4,236,529","$3,236,386","$2,371,500","$553,991",,,,,,,
The Walk (2015),"$670,129","$1,922,084","$1,060,588","$1,356,733","$1,182,785","$373,944","$142,547","$166,436","$139,512","$502,433","$82,743","$20,339","$32,891","$134,280","$2,249,956","$5,024,536","$540,960","$67,027","$357,036","$657,340","$263,238","$1,924,118","$106,394","$13,773,172",,"$809,869","$281,575","$137,856","$220,289","$126,321","$86,721","$417,938","$153,234","$77,447","$125,412","$216,985","$304,397","$125,477","$109,001","$70,535",,"$89,342","$309,529","$1,920","$127,233","$114,189","$18,690","$37,262","$71,441","$49,851","$169,766","$17,541","$41,159","$1,817,746","$693,881","$559,051","$2,188,956","$167,008","$287,561","$106,911","$228,925","$25,328","$69,480","$2,434,973","$722,113","$729,835","$1,242,438","$2,626",,,,"$132,617","$84,715",
13 Hours (2016),"$762,505","$339,443","$155,260","$681,210","$483,388",,,"$96,022","$96,404","$33,713",,"$30,061",,"$27,957","$581,860","$295,988","$406,077","$73,293","$652,000","$592,862","$419,697","$1,002,552","$109,073",,,"$515,942","$182,041",,"$89,165","$90,639","$68,898",,,"$93,089",,"$64,131",,,"$39,423",,,"$32,890",,,,,,,,,,,,"$323,263","$272,376","$78,017","$53,324","$34,493","$46,744","$30,712","$57,431","$5,185","$12,031",,"$962,948","$1,385,274",,,,,,,,
Absolutely Anything (2015),,"$2,126,769","$641,529","$385,552","$170,404","$134,940","$111,438","$101,978","$93,636","$73,377","$48,171","$26,352","$22,316","$3,844","$2,492","$552,367","$236,955","$90,810","$78,515","$64,208","$45,770","$30,077","$4,376","$1,237,747",,,,,,,,,,,,,,,,,,,,,,,,,,,,,,,,,,,,,,,,,,,,,,,,,,
The Hottie & the Nottie (2008),,"$67,371",,,,,,,,"$90,785","$38,871",,,,,"$970,952","$132,864",,"$5,953",,"$88,068",,,,,,,,,,,,,,,,"$141,641",,,,,,,,,,,,,,,,,,,,,,,,,,,,,"$32,031",,,,,,,,
Khosla Ka Ghosla! (2006),,"$13,722",,,,,,,,,,,,,,,,,,,,,,,,,,,,,,,,,,,,,,,,,,,,,,,,,,,,,,,,,,,,,,,,,,,,,,,,
Maya the Bee Movie (2014),,"$399,843","$946,492","$6,169,494","$260,088","$1,628,587","$122,233","$220,426","$59,530","$95,027","$203,099","$11,488","$88,078",,"$1,251,685","$1,580,114",,,,,,"$1,874,090","$13,009","$997,780",,"$6,122,813","$637,271","$1,353,648","$330,902","$927,306",,,"$166,042","$139,868","$44,352","$146,829","$1,644,816","$16,768","$357,826",,,"$66,054","$244,223",,"$69,466","$2,321","$330,065","$33,152",,,,,,"$178,347",,,"$154,455","$62,712","$212,966","$219,599","$79,196",,,,"$185,811",,,,,,,,,
Postman Pat: The Movie (2014),,"$5,515,679",,,"$98,222","$193,489",,,,,"$72,520","$17,521",,,,,,,,,,,"$37,441",,,,"$168,920","$105,073","$82,177",,,,"$53,814","$240,780","$97,379","$104,383","$24,199",,"$68,345",,,"$14,185",,,"$44,983",,,,,,,,,,,,,,,,,,,,"$161,826",,,,,,,,,
Salt of This Sea (2008),,"$174,383",,"$438,295",,,"$43,581",,,,,,,,"$63,361",,,,,,,,,,"$11,662",,,"$5,220",,,,,,,,,,,,,,,,,,,,,,,,,,,,,,,,,,,,,,,,,,,,,,
Heaven Knows What (2014),,"$1,326",,,,,,,,,,,,,,,,,,,,,,,,,,,,,,,,,,,,,,,,,,,,,,,,,,,,,"$2,357",,,,,,,,,,,,,,,,,,,
Bombay Velvet (2015),,"$145,195",,,,,,,,,,,,"$43,445",,,,,,"$11,374",,,"$10,114",,,,,,,,,,,,,,,,,,,,,,,,,,,,,,,,,,,,,,,,,,"$42,055",,,,,,,"$35,326","$20,277",
Nasty Baby (2015),,$972,,,,,,,,,,,,,,,,,,,,,,,,,,,,,,,,,,,,,,,,,,,,,,,,,,,,,,,,,,,,,,,,,,,,,,,,
The Gallows (2015),,"$1,165,784","$829,405","$377,354",,"$317,883",,,"$61,199",,,"$21,442",,,"$876,570","$1,371,164","$114,519",,,"$207,897","$164,830",,"$157,934",,,"$399,253","$175,364",,,"$193,802",,,,"$187,609",,,,,"$52,080",,,"$32,352",,,"$40,920",,,"$14,073",,"$54,811",,,,"$2,429,647","$752,693","$2,160,289","$1,223,583","$380,543","$656,393","$451,178","$279,831","$61,446","$147,892",,"$736,731","$523,267","$42,877",,,,,,,
Finding Fanny (2014),,"$315,316",,,"$425,039",,,,,,,,,,,,,,,,,,"$23,629",,,,,,,,,,,,,,,,,,,,,,,,,,,,,,,,,,,,,,,,,,"$44,211",,,,,,,,"$40,746",
The Second Mother (2015),,,"$240,666","$170,795",,"$8,083",,"$25,049",,,,,,,"$272,216",,,,,,,"$9,833",,,,"$467,274","$41,878",,,"$29,945",,,,"$22,050",,,"$10,491",,,"$23,181",,,,,,,,,,,,,,,"$1,297,282","$7,831",,,,,,,,,,,,,,,,,,
Back to the Jurassic (2012),,,"$714,589",,"$135,409","$986,644",,"$65,072","$27,191",,,,,,,"$721,787",,,,"$46,803",,"$1,831,658","$29,852",,,"$57,186",,,,"$14,258",,,,,,"$142,739","$436,473","$41,443","$220,966",,,"$78,198",,,,,,,,,,,,"$386,586",,"$102,492",,"$133,870","$63,084","$58,935",,"$13,068","$30,707",,"$79,918",,,,,,,,,
Gemma Bovery (2014),,,"$91,263","$3,956,458",,,"$30,124","$12,797","$4,023",,,,"$2,524",,"$102,066",,,,,,,,"$36,775",,,"$106,437",,"$1,913",,"$28,518",,,,"$2,927",,,,,,,,,,,"$1,715",,"$18,231","$3,088",,,,,,,"$33,598","$20,535",,,,,,,,,,,,,,,,,,
"Thelma, Louise et Chantal (2010)",,,"$10,069",,,,,,,,,,,,,,,,,,,,,,,,,"$19,888",,,,,,,,,,,,,,,,,,,,,,,,,,,,,,,,,,,,,,,,,,,,,,
As God Commands (2008),,,"$4,496,101",,,,,,,,,,,,,,,,,,,"$10,253",,,,,,,,,,,,,,,,,,,,,,,,,,,,,,,,,,,,,,,,,,,,,,,,,,,,
Giulia Doesn't Date at Night (2009),,,"$1,118,316",,,,,,,,,,,,,,,,,,,,,,,"$7,743",,,,,,,,,,,,,,,,,,,,,,,,,,,,,,,,,,,,,,,,,,,,,,,,
The Red and the Blue (2012),,,"$1,720,151",,,"$6,203",,,,,,,,,,,,,,,,,,,,"$2,284",,,,,,,,,,,,,,,,,,,,,,,,,,,,,,,,,,,,,,,,,,,,,,,,
The Worst Week of My Life (2011),,,"$16,454,499",,,,,,,,,,,,,,,,,,,,,,,,,,,,,,,,,,,,,,,,,,,,,,,,,,,,,,,,,,,,,,,,,,,,,,,
Men Vs Women (2010),,,"$18,452,860",,,,,"$10,576",,,,,,,,,,,,,,,,,,,,,,,,,,,,,,,,,,,,,,,,,,,,,,,,,,,,,,,,,,,,,,,,,,
Escort in Love (2011),,,"$11,471,250",,,,,,,,,,,,,,,,,,,,,,,,,,,,,,,,,,"$26,572",,,,,,,,,,,,,,,,,,,,,,,,,,,,,,,,,,,,,
Sorelle mai (2010),,,"$429,931",,,,,,,,,,,,,,,,,,,,,,,,,,,,,,,,,,,,,,,,,,,,,,,,,,,,"$12,550",,,,,,,,,,,,,,,,,,,
Every Blessed Day (2012),,,"$2,717,393",,,,,,,,,,,,"$24,659",,,,,,,,,,,,,,,,,,,,,,,,,,,,,,,,,,,,,,,,,"$27,597",,,,,,"$1,820",,,,,,,,,,,,
"White as Milk, Red as Blood (2013)",,,"$4,191,786",,,"$2,126",,,,,,,,,"$12,431",,,,,,,,,,,,,,,,,,,,,,,,,,,,,,,,,,,,,,,,,,,,,,,,,,,,,,,,,,,
I Can Quit Whenever I Want (2014),,,"$5,482,323",,,,,"$2,332",,,,,,,,"$54,755",,,,,,,,,,,,,,,,,,,,,,,,,,,,,,,,,,,,,,,,,,,,,,,,,,,,,,,,,,
The Devil's Violinist (2013),,,"$175,418",,,,,,,,,,,,,,,,,,,"$115,271",,,"$11,294","$2,802,028",,,,"$407,720",,,,,,,,,,,,,,,,,,,,,,,,"$534,750",,,,,,"$22,937",,,,,,,,,,,,,,
Remember Me? (2014),,,"$1,005,018",,,,,,,,,,,,"$15,266",,,,,,,,,,,,,,,,,,,,,,,,,,,,,,,,,,,,,,,,,,,,,,,,,,,,,,,,,,,
The Best Things in the World (2010),,,"$5,617",,,,,,,,,,,,,,,,,,,,,,,,,,,,,,,,,,,,,,,,,,,,,,,,,,,,"$1,214,499",,,,,,,,,,,,,,,,,,,
"Zoran, My Nephew the Idiot (2013)",,,"$798,582",,,,,,,,,,,,,,,,,,,,,,,"$20,116",,,,"$15,362",,,,,,,,,,,,,,,,,,,,,,,,,,,,,"$1,426",,,,,,,,,,,,,,,
The Journey Home (2014),,,"$2,677,436",,,,,,,,,,,,,,,,,,,,,"$338,690",,,,,,,,,,,,,,,,,,,,,,,,,,,,,,,,,,,,,,,,,,,,,,,,,,
Andiamo a quel paese (2014),,,"$9,437,265",,,,,,,,,,,,,"$25,033",,,,,,,,,,,,,,,,,,,,,,,,,,,,,,,,,,,,,,,,,,,,,,,,,,,,,,,,,,
The Man Who Will Come (2009),,,"$2,997,043",,,,,,,,,,,,,,,,,,,,,,,,,,,,,,,,,,,,,,,,,,,,,,,,,,,,,"$9,838",,,,,,,,,,,,,,,,,,
La seconda notte di nozze (2005),,,"$4,235,042",,,,,,,,,,,,"$158,537",,,,,,,,,,,,,,,,,,,,,,,,,,,,,,,,,,,,,,,,,,,,,,,,,,,,,,,,,,,
Tutta la vita davanti (2008),,,"$5,648,340",,,,,,,,,,,,,,,,,,,,,,,,,,,"$69,918",,,,,,,,,,,,,,,,,,,,,,,,,,,,,,,,,,,,,,,,,,,,
The Prodigies (2011),,,,"$1,279,882",,,,"$1,026",,,,,,,,,,,"$3,526",,,,,,,,,"$63,529",,,,,,,,,,,,,,,,,,,,,,,,,,,,,,,,,,,,,,,,,,,,,,
Search Party (2014),,,,"$11,264",,,,"$27,834",,,"$14,231","$6,224",,,,,,,,,,,,,"$4,571",,,,,,,,,,,,,,,,,,,,"$18,012",,,,"$36,127",,,,,,,,,,,,,,,,,,,,,,,,,
Eastern Boys (2013),,,,"$122,760",,,,,,,,,,,,,,,,,,,,,,,,"$24,699",,,,,,,,,,,,,,,,,,,,,,,,,,,,,,,,,,,,,,,,,,,,,,
Jaffa (2009),,,,"$531,600",,,,,,,,,,,,,,,,,,,,,,,,,,,,,,,,,,,,,,,,,,,,,,,,,,,,,,,,,,,,,,"$4,792",,,,,,,,
Battle of the Brave (2004),,,,"$113,169",,,,,"$1,744",,,,,,"$333,655",,,,,,,,,,"$1,599,716",,,,,,,,,,,,,,,,,$714,"$5,734",,,"$2,561",,,,,,,,,,,,,,,,,,,,,,,,,,,,
Tous les soleils (2011),,,,"$3,828,067",,,,,,,,,,,"$323,007",,,,,,,,"$18,312",,,,"$268,504","$197,142",,,,,,,,,"$52,429",,,,,,,,,,,,,,,,,,,,,,,,,,,,,,,,,,,,,
Président (2006),,,,"$2,045,056",,,,,,,,,,,,,,,,,,,,,,,,"$20,874",,,,,,,,,,,,,,,,,,,,,,,,,,,,,,,,,,,,,,"$5,078",,,,,,,,
Larry Gaye: Renegade Male Flight Attendant (2015),,,,,"$65,100",,,,,,,,,,,"$5,921",,,,,,,,,,,,,,,,,,,,,,,,,,,,,,,,,,,,,,,,,,,,,,,,,,,,,,,,,,
Skin Trade (2014),,,,,"$79,286",,,,,,,,,,,,"$142,666","$45,460","$141,329","$185,285",,,,,,,,,,,,,,,,,,,,,,,,,,,,,,,,,,,,,,,,,,,,,,,,,,,,,,
18 Meals (2010),,,,,,"$9,673",,,,,,,,,"$447,674",,,,,,,,,,,,,,,,,,,,,,,,,,,,,,,,,,,,,,,"$5,780","$58,004",,,,,,,,,,,,,,,,,,,
Madame Bovary (2014),,,,,,,"$22,610",,,,,,,,"$108,333",,"$8,832",,,,,"$41,290","$77,294",,,"$35,189",,,,,,,,,,,,,,,,,,,,,,,,,,,,,,,,,,,,,,,"$320,749",,,,,,,,,
Beloved Sisters (2014),,,,,,,,"$4,465",,,,,,,,,,,,,,,"$6,050",,"$54,030","$2,293,203",,,,"$40,753",,,,,,,,,,,,,,,,,,,,,,,,,,"$13,644",,,,,,,,,,,,,,,,,,
Along the Roadside (2013),,,,,,,,,,,,,"$3,234",,,,,,,,,,,,"$1,352",,,,,,,,,,,,,,,,,,,,,,,,,,,,,,,,,,,,,,,,,,,,,,,,,
Hyena (2014),,,,,,,,,,,,,,,$185,,,,,,,,,,,,,,,,,,,,,,,,,,,,,,,,,,,,,,,,,,,,,,,,,,,,,,,,,,,
Every Jack Has a Jill (2009),,,,,,,,,,,,,,,,"$597,813",,,,,,,"$39,489",,,,,,,,,,,,,,,,,,,,,,,,,,,,,,,,,,,,,,,,,,"$4,241",,,,,,,,,
Boogeyman 2 (2007),,,,,,,,,,,,,,,,"$374,097","$23,309",,$274,,"$68,550",,,,,,,,,,,,,,,,,,,,,,,,,,,,,,,,,"$82,216",,,"$232,094","$67,452",,,,,,,,,,,,,,,,
After the Ball (2015),,,,,,,,,,,,,,,,"$72,597",,,,,,,,,,,,,,,,,,,,,,,,,,,,,,,,,,,,,,,,,,,,,,,,,,,,,,,,,,
The Devil's Hand (2014),,,,,,,,,,,,,,,,"$836,664",,,,,,,,,,,,,,,,,,,,,,,,,,,,,,,,,,,,,,"$72,836",,"$167,181","$158,012","$155,628",,,"$32,427",,,,,,,,,,,,,
The Lovers (2015),,,,,,,,,,,,,,,,"$42,793","$3,412",,,,,,,,,,,,,,,,,,,,,,,,,,,,,,,,,,,,,,,,,,,,,,,,,,,,,,,,,
Out of the Dark (2014),,,,,,,,,,,,,,,,"$103,277","$42,644","$5,426",,"$80,290",,,,,,,,,,,,,,,,,,,,,,,,,,,,,,,,,,"$765,523",,"$203,320",,"$101,943",,"$97,070","$24,487",,"$5,025",,,,,,,,,,,
The Art of Love (2011),,,,,,,,,,,,,,,,"$109,015",,,,,,,,,,,,,,,,,,,,,,,,,,,,,,,,,,,,,,,"$173,379",,,,,,,,,,,,,,,,,,,
No Love in the City (2009),,,,,,,,,,,,,,,,"$9,112,193",,,,,,,,,,,,,,,,,,,,,,,,,,,,,,,,,,,,,,,,,,,,,,,,,,,,,,,,,,
Kod apokalipsisa (2007),,,,,,,,,,,,,,,,"$8,035,021",,,,,,,,"$2,044,984",,,,,,,,,,,,,,,,,,,,,,,,,,,,,,,,,,,,,,,,,,,,,,,,,,
French Women (2014),,,,,,,,,,,,,,,,"$211,973",,,,,,,,,,,,,,,,,,,,,,,,,,,,,,,,,,,,,,,,,,,,,,,,,,,,,,,,,,
The Howling Reborn (2011),,,,,,,,,,,,,,,,,"$36,029",,,"$53,747","$21,011",,,,,,,,,,,,,,,,,,,,,,,,,,,,,,,,,,,,,,,,,,,,,,,,,,,,,
The Pact II (2014),,,,,,,,,,,,,,,,,"$56,314",,"$30,215",,"$21,601",,,,,,,,,,,,,,,,,,,,,,,,,,,,,,,,,,,,,,,,,,,,,,,,,,,,,
Careful What You Wish For (2015),,,,,,,,,,,,,,,,,"$18,081",,,,"$54,163",,,,,,,,,,,,,,,,,,,,,,,,,,,,,,,,,,,,,,,,,,,,,,,,,,,,,
Robot Overlords (2014),,,,,,,,,,,,,,,,,"$118,427","$14,059","$242,472","$44,648","$47,743",,,,,,,,,,,,,,,,,,,,,,,,,,,,,,,,,,,,,,"$42,466","$250,799","$15,512",,,,,,,,,,,,,
Burying the Ex (2014),,,,,,,,,,,,,,,,,"$28,583",,,,"$35,478",,,,,,,,,,,,,,,,,,,,,,,,,,,,,,,,,,,,,,,"$566,905","$35,664",,,,,,,,,,,,,
Stung (2015),,,,,,,,,,,,,,,,,,"$60,640",,,,,,,,,,,,,,,,,,,,,,,,,,,,,,,,,,,,,,,,,,,,,,,,,,,,,,,,
The Restless (2006),,,,,,,,,,,,,,,,,,,"$50,309","$23,415",,"$8,943,691",,,,,,"$1,524",,,,,,,,,,,,,,,"$6,435",,,,,,,,,,,,,,,,,,,,,,,,,,,,,,,
Once Upon a Time in Mumbaai (2010),,,,,,,,,,,,,,,,,,,,"$16,415",,,,,,,,,,,,,,,,,,,,,,,,,,,,,,,,,,,,,,,,,,,,,,,,,,,,,,
Accidental Love (2015),,,,,,,,,,,,,,,,,,,,"$17,789",,,,,,,,,,,,,,,,,,,,,,,,,,,,,,,,,,,,,,,,,,,,,,,,,,,,,,
Ace Ventura: Pet Detective Jr. (2009),,,,,,,,,,,,,,,,,,,,,"$21,891",,,,,,,,,,,,,,,,,,,,,,,,,,,,,,,,,,,,,,,,,,,,,,,,,,,,,
Jackie & Ryan (2014),,,,,,,,,,,,,,,,,,,,,,"$15,316",,,,,,,,,,,,,,,,,,,,,,,,,,,,,,,,,,,,,,,,,,,,,,,,,,,,
Ex (2009),,,,,,,,,,,,,,,,,,,,,,"$129,796",,,,,,,,,,,,,,,,,,,,,,,,,,,,,,,,,,"$73,365",,,,"$116,428",,"$50,715",,,,"$16,700",,,,,,,,
Bhoothnath Returns (2014),,,,,,,,,,,,,,,,,,,,,,,"$12,894",,,,,,,,,,,,,,,,,,,,,,,,,,,,,,,,,,,,,,,,,,"$15,676",,,,,,,,,
Little Big Master (2015),,,,,,,,,,,,,,,,,,,,,,,,"$3,180,000",,,,,,,,,,,,,,,,,,,,,,,,,,,,,,,,,,,,,,,,,,,,,,,,,,
A Difficult Life (1961),,,,,,,,,,,,,,,,,,,,,,,,,"$71,630",,,,,,,,,,,,,,,,,,,,,,,,,,,,,,,,,,,,,,,,,,,,,,,,,
Jinn (2014),,,,,,,,,,,,,,,,,,,,,,,,,"$202,348",,,,,,,,,,,,"$210,367",,,,,,,,,,,,,,,,,,,,,,,"$139,983",,,,,,,,,,,,,,
Yes Nurse! No Nurse! (2002),,,,,,,,,,,,,,,,,,,,,,,,,"$13,325",,"$2,666,306",,,,,,,,,,,,,,,,,,,,,,,,,,,,,,,,,,,,,,,,,,,,,,,
The Boat Is Full (1981),,,,,,,,,,,,,,,,,,,,,,,,,"$1,718",,,,,,,,,,,,,,,,,,,,,,,,,,,,,,,,,,,,,,,,,,,,,,,,,
Love Comes Lately (2007),,,,,,,,,,,,,,,,,,,,,,,,,"$78,079","$21,946",,,,"$27,933",,,,,,,,,,,,,,,,,,,,,,,,,"$99,742",,,,,,,,,,,,,,,,,,,
My Big Fat Independent Movie (2005),,,,,,,,,,,,,,,,,,,,,,,,,,"$12,150,594",,,,,,,,,,,,,,,,,,,,,,,,,,,,,,,,,,,,,,,,,,,,,,,,
The House at the End of Time (2013),,,,,,,,,,,,,,,,,,,,,,,,,,,,,,,,,,,,,"$12,377",,,,,,,,,,,,,,,,,,,,"$4,350,990",,"$193,497",,,,"$32,035",,,,,,,,,,,
Augustine (2012),,,,,,,,,,,,,,,,,,,,,,,,,,,,,,,,,,,,,,,,,,,,,,,,,,,,,,,"$155,038",,,,,,,,,,,,,,,,,,,
Women Vs Men (2011),,,,,,,,,,,,,,,,,,,,,,,,,,,,,,,,,,,,,,,,,,,,,,,,,,,,,,,"$32,107",,,,,,,,,,,,,,,,,,,
A Castle in Italy (2013),,,,,,,,,,,,,,,,,,,,,,,,,,,,,,,,,,,,,,,,,,,,,,,,,,,,,,,"$66,145","$107,958",,,,,,"$4,931",,,"$75,442",,,,,,,,,
Dormant Beauty (2012),,,,,,,,,,,,,,,,,,,,,,,,,,,,,,,,,,,,,,,,,,,,,,,,,,,,,,,"$47,411","$32,776",,,,,,,,,,,,,,,,,,
Premonition (2004),,,,,,,,,,,,,,,,,,,,,,,,,,,,,,,,,,,,,,,,,,,,,,,,,,,,,,,,"$161,442",,"$78,358",,,,,,,,"$325,026",,,,,,,,
Pokémon: Jirachi - Wish Maker (2003),,,,,,,,,,,,,,,,,,,,,,,,,,,,,,,,,,,,,,,,,,,,,,,,,,,,,,,,,,,,,,,,"$33,393,751",,,,,,,,,,
Caterpillar (2010),,,,,,,,,,,,,,,,,,,,,,,,,,,,,,,,,,,,,,,,,,,,,,,,,,,,,,,,,,,,,,,,"$234,545",,"$13,220",,,,,,,,
Animals in Love (2007),,,,,,,,,,,,,,,,,,,,,,,,,,,,,,,,,,,,,,,,,,,,,,,,,,,,,,,,,,,,,,,,,"$8,197","$1,785",,,,,,,,
To Strike (2013),,,,,,,,,,,,,,,,,,,,,,,,,,,,,,,,,,,,,,,,,,,,,,,,,,,,,,,,,,,,,,,,,"$53,207",,,,,,,,,
Saturn in Opposition (2007),,,,,,,,,,,,,,,,,,,,,,,,,,,,,,,,,,,,,,,,,,,,,,,,,,,,,,,,,,,,,,,,,,"$10,028",,,,,,,,
Dev.D (2009),,,,,,,,,,,,,,,,,,,,,,,,,,,,,,,,,,,,,,,,,,,,,,,,,,,,,,,,,,,,,,,,,,,"$4,029,356",,,,,,,
In the Name of God (2007),,,,,,,,,,,,,,,,,,,,,,,,,,,,,,,,,,,,,,,,,,,,,,,,,,,,,,,,,,,,,,,,,,,"$1,121,687",,,,,,,"$1,100,000"
