imdbId,imdbid,Movie Name,Argentina,Australia,Austria,Bahrain,Belgium,Bolivia,Brazil,Bulgaria,Cambodia,Chile,China,Colombia,Croatia,Czech Republic,Denmark,Domestic,Ecuador,Egypt,Estonia,Ethiopia,Finland,France,Germany,Ghana,Greece,Hong Kong,Hungary,Iceland,India,Indonesia,Israel,Italy,Japan,Jordan,Kenya,Latvia,Lebanon,Lithuania,Malaysia,Mexico,Netherlands,New Zealand,Nigeria,Norway,Oman,Pakistan,Peru,Philippines,Poland,Portugal,Qatar,Romania,Russia,Russia/CIS,Serbia and Montenegro,Singapore,Slovakia,Slovenia,South Africa,South Korea,Spain,Sweden,Switzerland,Switzerland (French),Switzerland (German),Taiwan,Thailand,Türkiye,Ukraine,United Arab Emirates,United Kingdom,Uruguay,Venezuela,Vietnam
2637276,,Ted 2 (2015),"$1,322,174","$8,506,155","$2,038,821",,"$2,332,200","$150,600","$2,371,298","$156,906",,"$420,051",,"$458,318","$224,713","$676,405","$1,025,647",,"$354,487",,"$270,956",,"$931,590","$7,615,988","$10,377,039",,"$113,202","$3,822,790",,"$134,495",,,"$3,000,715","$4,201,891","$20,153,761","$64,132","$24,696","$128,990","$101,627","$175,060","$931,353","$4,105,608","$3,099,805","$889,340","$25,378",,,,"$1,071,976","$62,587","$1,760,572","$1,315,130",,"$567,955",,"$6,391,928","$123,718","$1,241,977","$289,370","$141,364","$606,706","$1,115,399","$4,406,648","$1,376,928",,"$297,433","$1,394,650","$3,939,185","$518,775","$137,641","$795,438","$587,846","$15,248,242","$130,337","$1,405,428","$195,591"
3322420,,Queen (2013),,,,,,,,,,,,,,,,,,,,,,,,,,"$164,862",,,,,,,,,,,,,,,,,,,,,,,,,,,,,,,,,,,,,,,,,,,,,,,,
1727770,,Absolutely Anything (2015),,,,,,,,,,,"$1,237,747",,"$48,171",,,,,,,,,"$385,552",,,"$111,438",,,"$26,352",,,,"$641,529",,,,,"$93,636",,"$64,208",,,"$4,376",,,"$3,844",,,"$45,770","$134,940","$101,978",,,,"$552,367","$22,316","$236,955",,,,"$30,077","$2,492",,,,,,"$78,515",,"$73,377","$170,404","$2,126,769",,,"$90,810"
2293640,,Minions (2015),"$36,154,412","$23,451,902","$7,056,436",,"$8,872,257","$1,403,340","$37,452,980","$1,235,559",,"$10,244,790","$68,490,000","$8,962,709","$885,351","$4,268,223","$5,362,111","$336,045,770","$3,407,260","$185,991","$758,785",,"$4,553,405","$43,991,439","$63,194,771","$1,723,738","$2,125,147","$10,765,995","$3,493,481","$424,422","$2,617,696",,"$5,570,204","$26,388,026","$42,726,353","$692,283","$77,586","$834,956","$1,046,107","$1,312,242","$4,992,809","$43,910,109","$14,967,100","$4,082,606","$36,747","$5,347,124",$327,,"$5,872,891","$6,503,404","$7,979,690","$5,280,832",,"$2,046,175",,"$30,015,860","$464,221","$5,214,884","$2,077,642","$891,891","$3,378,329","$15,354,584","$26,857,553","$7,380,925","$2,151,274","$2,973,388","$7,020,138","$10,267,334","$3,329,352","$4,053,515","$2,046,677","$4,670,863","$72,674,232","$1,696,276","$27,015,386","$4,112,942"
2640474,,The House at the End of Time (2013),,,,,,"$32,035",,,,,,"$193,497",,,,,,,,,,,,,,,,,,,,,,,,,,,,,,,,,,,,,,,,,,,,,,,,,,,,,,,,"$12,377",,,,,"$4,350,990",
3531852,,Bhoothnath Returns (2014),,"$15,676",,,,,,,,,,,,,,,,,,,,,,,,,,,,,,,,,,,,,,,,"$12,894",,,,,,,,,,,,,,,,,,,,,,,,,,,,,,,,
0844029,,Ace Ventura: Pet Detective Jr. (2009),,,,,,,,,,,,,,,,,,,,,,,,,,,,,,,,,,,,,,,,,,,,,,,,"$21,891",,,,,,,,,,,,,,,,,,,,,,,,,,
0419280,,Premonition (2004),"$161,442",,,,,,,,,"$78,358",,,,,,,,,,,,,,,,,,,,,,,,,,,,,,,,,,,,,,,,,,,,,,,,,,,,,,,,"$325,026",,,,,,,,
1094668,,Every Jack Has a Jill (2009),,"$4,241",,,,,,,,,,,,,,,,,,,,,,,,,,,,,,,,,,,,,,,,"$39,489",,,,,,,,,,,,"$597,813",,,,,,,,,,,,,,,,,,,,
0385890,,My Big Fat Independent Movie (2005),,,,,,,,,,,,,,,,,,,,,,,"$12,150,594",,,,,,,,,,,,,,,,,,,,,,,,,,,,,,,,,,,,,,,,,,,,,,,,,,,
1979388,,The Good Dinosaur (2015),"$5,350,035","$10,294,894","$861,576",,"$2,545,503","$967,998","$11,896,288","$354,178",,"$2,994,165",,"$2,804,484","$102,903","$679,990","$2,073,842",,"$1,651,915",,,,"$843,141","$18,050,686","$5,600,429",,"$1,254,655","$3,422,925","$439,851","$183,170",,,"$1,778,341","$6,440,787","$14,923,467",,"$14,514","$111,641","$229,770","$198,557","$2,301,623","$13,253,270","$3,717,593","$1,493,066",,"$1,789,446","$23,509",,"$2,717,196","$1,449,207","$2,978,700","$1,155,876",,"$523,837",,"$4,689,486","$206,391","$2,221,358","$229,330","$139,058","$741,867","$8,139,999","$10,383,999","$3,695,863",,"$713,730","$504,626","$2,094,166","$1,001,123","$3,103,344","$715,769","$1,865,427","$21,333,175","$207,875","$10,830,620","$1,461,076"
1355683,,Black Mass (2015),"$718,398","$1,933,634","$235,862",,"$351,685","$17,924","$935,973","$83,528",,"$88,204",,"$65,625","$97,958","$59,889","$367,991",,"$50,964",,"$35,002",,"$146,873","$2,096,120","$2,076,733",,"$441,165","$150,214","$144,708","$75,682","$344,908",,"$284,614","$2,424,788","$3,308,549",,"$20,510","$34,479","$156,267","$16,037",,"$943,278","$783,991","$239,781",,"$279,781","$3,324",,"$55,688","$78,834","$355,664","$470,667",,"$242,528",,"$2,113,906","$62,132","$268,361","$83,718","$24,375","$122,432",,"$1,614,056","$726,789",,"$99,954","$294,453","$400,609",,"$233,321","$266,720","$945,660","$4,723,639","$22,619","$39,228",
2379713,,Spectre (2015),"$2,242,749","$25,380,847","$8,141,137",,"$7,899,617","$242,051","$8,266,418","$7,235",,"$970,358","$83,509,789","$1,926,524","$1,014,459","$2,391,129","$14,213,968","$200,074,609","$790,731","$267,637","$633,467","$16,126","$9,260,527","$39,509,522","$72,716,675","$61,329","$3,700,102","$5,631,130","$1,333,699","$516,267","$8,350,274",,"$2,732,288","$13,609,170","$24,231,095",,"$326,291","$487,808","$1,090,642","$415,692","$5,361,057","$11,604,067","$22,118,230","$3,970,646","$477,173","$9,657,486","$101,724",,"$927,412","$3,202,807","$8,969,943","$2,802,979",,"$1,499,723",,"$11,584,933","$431,644","$4,598,137","$943,815","$535,765","$2,669,309","$12,053,239","$8,068,096","$13,259,877",,"$3,399,713","$13,165,256","$5,666,876","$4,364,330","$2,821,829","$1,507,671","$6,058,268","$124,550,656","$138,455","$4,765,612","$2,015,288"
0804492,,The Hottie & the Nottie (2008),,,,,,,,,,,,,"$38,871",,,,,,,,,,,,,,,,,,,,,,,,,,,,,,,,,,,"$88,068",,,,,,"$970,952",,"$132,864",,,,,,,,,,"$32,031","$5,953","$141,641","$90,785",,"$67,371",,,
0055602,,A Difficult Life (1961),,,,,,,,,,,,,,,,"$71,630",,,,,,,,,,,,,,,,,,,,,,,,,,,,,,,,,,,,,,,,,,,,,,,,,,,,,,,,,,
3742378,,The Second Mother (2015),"$7,831",,"$29,945",,,,"$1,297,282",,,,,,,,,,,,,,,"$170,795","$467,274",,,,,,,,,"$240,666",,,,,,,,,"$41,878",,,"$22,050",,,,,"$8,083","$25,049",,,,,,,,,,"$9,833","$272,216",,,"$23,181",,,,"$10,491",,,,,,
1554092,,The Howling Reborn (2011),,,,,,,,,,,,,,,,,,,,,,,,,,,,,,,,,,,,,,,"$53,747",,,,,,,,,"$21,011",,,,,,,,"$36,029",,,,,,,,,,,,,,,,,,
0900357,,Boogeyman 2 (2007),,,,,,,,,,"$67,452",,,,,,,,,,,,,,,,,,,,,,,,,,,,,,"$82,216",,,,,,,,"$68,550",,,,,,"$374,097",,"$23,309",,,,,,,,,,,$274,,,,,,"$232,094",
1671616,,18 Meals (2010),,,,,,,"$58,004",,,,,,,,,,,,,,,,,,,,,,,,,,,,,,,,,"$5,780",,,,,,,,,"$9,673",,,,,,,,,,,,"$447,674",,,,,,,,,,,,,
1327035,,Dev.D (2009),,,,,,,,,,,,,,,,,,,,,,,,,,,,,"$4,029,356",,,,,,,,,,,,,,,,,,,,,,,,,,,,,,,,,,,,,,,,,,,,,
0466460,,Khosla Ka Ghosla! (2006),,,,,,,,,,,,,,,,,,,,,,,,,,,,,,,,,,,,,,,,,,,,,,,,,,,,,,,,,,,,,,,,,,,,,,,"$13,722",,,
4319698,,Little Big Master (2015),,,,,,,,,,,"$3,180,000",,,,,,,,,,,,,,,,,,,,,,,,,,,,,,,,,,,,,,,,,,,,,,,,,,,,,,,,,,,,,,,
0841150,,Protégé (2007),,,,,,,,,,,"$8,069,097",,,,,,,,,,,,,,,"$3,395,447",,,,,,,,,,,,,,,,,,,,,,,,,,,,,,,,,,,,,,,,"$218,258","$77,414",,,,,,,
0420076,,Pokémon: Jirachi - Wish Maker (2003),,,,,,,,,,,,,,,,,,,,,,,,,,,,,,,,,"$33,393,751",,,,,,,,,,,,,,,,,,,,,,,,,,,,,,,,,,,,,,,,,
2080374,,Steve Jobs (2015),"$208,034","$431,207","$192,847",,"$123,725","$21,270","$359,092","$75,116",,"$52,714",,"$86,888","$14,415","$112,604","$74,945",,"$60,320",,"$19,373",,"$67,259","$928,367","$1,163,275",,"$36,446","$432,152","$39,604","$13,508",,,"$162,398","$1,143,303","$268,658",,,"$11,686","$51,737","$21,279",,"$642,058","$201,231","$53,090",,"$58,991","$3,424",,"$123,008",,"$288,905","$163,997",,"$63,011",,"$381,236","$14,671",,"$50,753","$24,527","$57,111","$436,041","$1,653,357","$117,086",,,"$151,052","$199,275","$173,586","$148,639","$241,589","$171,210","$3,377,030","$20,973","$11,422",
2884018,,Macbeth (2015),"$142,109","$209,028","$112,504",,,,"$204,972","$20,387",,,,,"$18,826",,"$117,160",,,,,,"$7,888","$228,215","$687,087","$95,200","$209,785","$27,245",,"$2,688",,,,"$1,970,253",,,,"$20,888","$55,443","$21,422","$20,133","$106,421",,"$67,070",,"$64,179","$1,330",,"$26,484",,"$436,267","$19,051",,"$99,142",,"$552,940",,"$67,977","$9,054",$558,"$27,781","$4,825","$675,355",,,,,,,"$200,982","$41,065","$129,994","$4,339,629",,,"$60,398"
1374990,,The Prodigies (2011),,,,,"$63,529",,,,,,,,,,,,,,,,,"$1,279,882",,,,,,,,,,,,,,,,,,,,,,,,,,,,"$1,026",,,,,,,,,,,,,,,,,"$3,526",,,,,,,
1524930,,Vacation (2015),"$523,754","$3,280,414","$440,493",,"$450,262","$253,145","$984,910","$124,677",,"$100,883",,"$587,287","$94,796","$99,309","$526,998",,"$188,241",,"$74,427",,"$151,206","$2,000,000","$1,680,647",,"$99,154","$275,223","$702,477","$149,058","$83,126",,"$1,391,416","$3,123,973",,"$102,188","$10,327","$78,973","$295,798","$92,969","$166,126","$4,704,406","$909,851","$283,436","$20,830","$622,774",,,"$870,853","$46,899","$631,523","$262,887",,"$425,813","$4,400,000","$5,003,576","$57,346","$335,308","$189,777","$48,985","$335,603",,"$3,071,875","$407,895",,"$60,021","$452,768","$887,008",,,"$399,139","$855,825","$2,088,954","$124,981","$2,421,226","$292,217"
2924442,,The Pact II (2014),,,,,,,,,,,,,,,,,,,,,,,,,,,,,,,,,,,,,,,,,,,,,,,,"$21,601",,,,,,,,"$56,314",,,,,,,,,,,"$30,215",,,,,,,
4693418,,Back to the Jurassic (2012),"$102,492","$79,918","$14,258",,,"$30,707",,,,"$133,870",,"$63,084",,"$142,739",,,,,,,,,"$57,186",,,,"$41,443",,,,,"$714,589",,,,,"$27,191",,"$46,803","$386,586",,"$29,852",,,,,"$58,935",,"$986,644","$65,072",,,,"$721,787",,,"$78,198",,"$220,966","$1,831,658",,,,,,,,"$436,473",,"$135,409",,"$13,068",,
2334733,,Madame Bovary (2014),,"$320,749",,,,,,,,,,,,,,,,,,,,,"$35,189",,"$22,610",,,,,,,,,,,,,,,,,"$77,294",,,,,,,,,,,,,,"$8,832",,,,"$41,290","$108,333",,,,,,,,,,,,,
2893490,,Manglehorn (2014),,,,,,,,,,,,,,,,,,,,,,"$80,950",,,,"$13,097",,,,,,,,,,,"$10,687",,,,"$12,394",,,,,,,,"$78,642","$4,721",,,,,,,,,,"$10,440","$105,604",,,,,,,,,,,,,
2547172,,Larry Gaye: Renegade Male Flight Attendant (2015),,,,,,,,,,,,,,,,,,,,,,,,,,,,,,,,,,,,,,,,,,,,,,,,,,,,,,"$5,921",,,,,,,,,,,,,,,,"$65,100",,,,
2758904,,Search Party (2014),,,,,,,,,,,,,"$14,231",,,"$4,571",,,"$36,127",,,"$11,264",,,,,,"$6,224",,,,,,,,,,"$18,012",,,,,,,,,,,,"$27,834",,,,,,,,,,,,,,,,,,,,,,,,
3336368,,Maya the Bee Movie (2014),,"$185,811","$927,306",,"$1,353,648",,,"$2,321",,"$62,712","$997,780","$212,966","$203,099","$146,829","$166,042",,"$79,196",,,,"$44,352","$6,169,494","$6,122,813",,"$122,233",,"$16,768","$11,488",,,,"$946,492",,,,"$33,152","$59,530","$69,466",,"$178,347","$637,271","$13,009",,"$139,868",,,"$219,599",,"$1,628,587","$220,426",,"$244,223",,"$1,580,114","$88,078",,"$66,054","$330,065","$357,826","$1,874,090","$1,251,685","$330,902",,,,,,"$1,644,816","$95,027","$260,088","$399,843",,"$154,455",
3717016,,After the Ball (2015),,,,,,,,,,,,,,,,,,,,,,,,,,,,,,,,,,,,,,,,,,,,,,,,,,,,,,"$72,597",,,,,,,,,,,,,,,,,,,,
1641841,,Skin Trade (2014),,,,,,,,,,,,,,,,,,,,,,,,,,,,,,,,,,,,,,,"$185,285",,,,,,,,,,,,,,,,,"$142,666",,,,,,,,,,,"$141,329",,,"$79,286",,,,"$45,460"
2290739,,The Devil's Hand (2014),"$167,181",,,,,,,,,"$155,628",,,,,,,"$32,427",,,,,,,,,,,,,,,,,,,,,,,"$72,836",,,,,,,,,,,,,,"$836,664",,,,,,,,,,,,,,,,,,,"$158,012",
0498091,,Animals in Love (2007),,"$8,197",,,,,,,,,,,,,,,,,,,,,,,,,,,,,,,,,,,,,,,,,,,,,,,,,,,,,,,,,,,,,,,,"$1,785",,,,,,,,
2062622,,Postman Pat: The Movie (2014),,"$161,826",,,"$105,073",,,,,,,,"$72,520","$104,383","$53,814",,,,,,"$97,379",,,,,,,"$17,521",,,,,,,,,,"$44,983",,,"$168,920","$37,441",,"$240,780",,,,,"$193,489",,,,,,,,"$14,185",,"$68,345",,,"$82,177",,,,,,"$24,199",,"$98,222","$5,515,679",,,
2238839,,Love in the Buff (2012),,"$61,321",,,,,,,,,,,,,,,,,,,,,,,,"$3,605,850",,,,,,,,,,,,,"$85,128",,,"$7,825",,,,,,,,,,,,,,"$28,806",,,,,,,,,,,,,,,,,,
1629242,,Careful What You Wish For (2015),,,,,,,,,,,,,,,,,,,,,,,,,,,,,,,,,,,,,,,,,,,,,,,,"$54,163",,,,,,,,"$18,081",,,,,,,,,,,,,,,,,,
2145829,,Robot Overlords (2014),,,,,,,,,,,,"$42,466",,,,,"$15,512",,,,,,,,,,,,,,,,,,,,,,"$44,648",,,,,,,,"$250,799","$47,743",,,,,,,,"$118,427",,,,,,,,,,,"$242,472",,,,,,,"$14,059"
2290113,,Along the Roadside (2013),,,,,,,,,,,,,,,,"$1,352",,,,,,,,,,,,,,,,,,,,,,,,,,,,,,,,,,,,,,,"$3,234",,,,,,,,,,,,,,,,,,,
0455135,,The Eye 3 (2005),,,,,,,,,,,,,,,,,,,,,,,,,,"$976,256",,,,,,"$247,825",,,,,,,,,,,,,,,,,,,,,,,,,,,,,,,,,,"$649,331","$730,800",,,,,,,
1321869,,The Lovers (2015),,,,,,,,,,,,,,,,,,,,,,,,,,,,,,,,,,,,,,,,,,,,,,,,,,,,,,"$42,793",,"$3,412",,,,,,,,,,,,,,,,,,
2975590,,Batman v Superman: Dawn of Justice (2016),"$7,592,895","$22,517,365","$2,564,737",,"$2,685,186","$2,138,879","$37,566,828","$540,102","$170,698","$5,181,205","$95,769,365","$8,149,484","$522,416","$1,118,646","$2,572,539","$330,360,194","$3,781,279","$1,501,078","$242,623",,"$1,324,808","$21,319,616","$18,918,262",,"$2,125,858","$8,504,499","$1,037,694","$283,469","$10,736,869","$14,000,000","$2,612,698","$12,098,949","$16,531,874",,,"$251,315","$843,082","$212,708","$7,500,064","$36,621,767","$4,181,863","$3,269,068",,"$3,297,349","$475,077",,"$4,999,649","$11,214,492","$2,300,823","$2,222,072",,"$1,556,295",,"$12,683,409","$243,971","$5,742,914","$499,444","$166,343","$2,701,224","$16,457,193","$11,396,396","$3,941,571",,"$1,029,568","$1,754,810","$7,238,467","$5,388,316","$5,430,850","$1,279,073","$7,031,185","$53,128,158","$329,922","$1,113,858","$2,240,920"
2991092,,Eastern Boys (2013),,,,,"$24,699",,,,,,,,,,,,,,,,,"$122,760",,,,,,,,,,,,,,,,,,,,,,,,,,,,,,,,,,,,,,,,,,,,,,,,,,,,
2788556,,Gemma Bovery (2014),"$20,535",,"$28,518",,"$1,913",,"$33,598",,,,,,,,,,,,,,,"$3,956,458","$106,437",,"$30,124",,,,,,,"$91,263",,,,"$3,088","$4,023","$1,715",,,,"$36,775",,"$2,927",,,,,,"$12,797",,,,,"$2,524",,,"$18,231",,,"$102,066",,,,,,,,,,,,,
2872724,,Out of the Dark (2014),"$203,320",,,,,"$5,025",,,,"$101,943",,,,,,,"$24,487",,,,,,,,,,,,,,,,,,,,,,"$80,290","$765,523",,,,,,,"$97,070",,,,,,,"$103,277",,"$42,644",,,,,,,,,,,,,,,,,,"$5,426"
1860238,,Goddess (2013),,"$1,631,548",,,,,,,,,,,,,,,,,,,,,,,,$779,,,,,,,,,,,,,,,,,,,,,,,,,,,,,,,,,,,,,,,,,,,,,,,,
1700467,,The Art of Love (2011),,,,,,,"$173,379",,,,,,,,,,,,,,,,,,,,,,,,,,,,,,,,,,,,,,,,,,,,,,,"$109,015",,,,,,,,,,,,,,,,,,,,
1562899,,Jinn (2014),,,,,,,,,,,,,,,,"$202,348",,,,,,,,,,,,,,,,,,,,,,,,,,,,,,,"$139,983",,,,,,,,,,,,,,,,,,,,,"$210,367",,,,,,
0309725,,Yes Nurse! No Nurse! (2002),,,,,,,,,,,,,,,,"$13,325",,,,,,,,,,,,,,,,,,,,,,,,,"$2,666,306",,,,,,,,,,,,,,,,,,,,,,,,,,,,,,,,,
2290828,,Road to Ninja - Naruto the Movie (2012),,,,,,,,,,,,,,,,"$43,171",,,,,,,,,,"$63,253",,,,,,"$197,516","$17,278,965",,,,,,"$1,234",,,,,,,,,"$123,613",,,,,,,,"$70,950",,,,,,,,,,,"$97,857",,,,,,,
2095605,,Seal Team Six: The Raid on Osama Bin Laden (2012),,,,,,,"$96,354",,,,,,,,,,,,,,,,,,,"$96,998",,,,,,,,,,,,,,"$504,857",,,,,,,,,,,,,,,,"$83,441",,,,,,,,,,,,,,,,,,
1395054,,Once Upon a Time in Mumbaai (2010),,,,,,,,,,,,,,,,,,,,,,,,,,,,,,,,,,,,,,,"$16,415",,,,,,,,,,,,,,,,,,,,,,,,,,,,,,,,,,,
0082095,,The Boat Is Full (1981),,,,,,,,,,,,,,,,"$1,718",,,,,,,,,,,,,,,,,,,,,,,,,,,,,,,,,,,,,,,,,,,,,,,,,,,,,,,,,,
1508290,,Caterpillar (2010),,,,,,,,,,,,,,,,,,,,,,,,,,,,,,,,,"$234,545",,,,,,,,,,,,,,,,,,,,,,,,,,,,,,,,,"$13,220",,,,,,,,
1406160,,Jaffa (2009),,,,,,,,,,,,,,,,,,,,,,"$531,600",,,,,,,,,,,,,,,,,,,,,,,,,,,,,,,,,,,,,,,,,,,,"$4,792",,,,,,,,
1090680,,Salt of This Sea (2008),,,,,"$5,220",,,,,,,,,,,"$11,662",,,,,,"$438,295",,,"$43,581",,,,,,,,,,,,,,,,,,,,,,,,,,,,,,,,,,,,"$63,361",,,,,,,,,,"$174,383",,,
3687186,,Heaven Knows What (2014),,,,,,,"$2,357",,,,,,,,,,,,,,,,,,,,,,,,,,,,,,,,,,,,,,,,,,,,,,,,,,,,,,,,,,,,,,,,"$1,326",,,
1366687,,No Love in the City (2009),,,,,,,,,,,,,,,,,,,,,,,,,,,,,,,,,,,,,,,,,,,,,,,,,,,,,,"$9,112,193",,,,,,,,,,,,,,,,,,,,
1837574,,Hyena (2014),,,,,,,,,,,,,,,,,,,,,,,,,,,,,,,,,,,,,,,,,,,,,,,,,,,,,,,,,,,,,$185,,,,,,,,,,,,,
2870648,,Amy (2015),,"$1,095,384","$207,313",,"$318,648",,"$108,202",,,,,,"$23,036","$160,938","$750,392","$8,413,144",,,,,"$406,244","$212,132","$827,506",,,"$26,289",,"$34,573",,,,"$944,284",,,,"$7,542",,"$17,996",,"$62,964","$1,687,401","$407,745",,"$225,661",,,,,"$581,273",,,"$15,027",,"$101,892","$8,437","$46,598","$35,660",,,"$70,547","$579,234","$125,231","$89,611","$89,569","$133,805",,"$54,902","$99,222",,,"$5,737,984",,,
3511542,,That Demon Within (2014),,"$60,147",,,,,,,,,"$17,430,000",,,,,,,,,,,,,,,"$2,243,059",,,,,,,,,,,,,"$393,629",,,"$23,413",,,,,,,,,,,,,,"$93,343",,,,,,,,,,,,,,,,,,
0890885,,Saturn in Opposition (2007),,,,,,,,,,,,,,,,,,,,,,,,,,,,,,,,,,,,,,,,,,,,,,,,,,,,,,,,,,,,,,,,,,"$10,028",,,,,,,,
3300572,,Stung (2015),,,,,,,,,,,,,,,,,,,,,,,,,,,,,,,,,,,,,,,,,,,,,,,,,,,,,,,,,,,,,,,,,,,,,,,,,,"$60,640"
2790236,,Beloved Sisters (2014),"$13,644",,"$40,753",,,,,,,,,,,,,"$54,030",,,,,,,"$2,293,203",,,,,,,,,,,,,,,,,,,"$6,050",,,,,,,,"$4,465",,,,,,,,,,,,,,,,,,,,,,,,
2268016,,Magic Mike XXL (2015),"$115,206","$9,036,427","$1,162,767",,"$1,369,797","$30,241","$771,193","$103,449",,"$27,200",,"$38,772","$114,545","$369,745",,,"$73,547",,"$68,447",,"$974,794","$1,284,811","$8,006,367",,"$16,474","$160,139","$78,963","$73,036",,,"$73,531","$1,076,751",,,,"$63,674","$21,137","$63,296",,"$274,633","$2,959,619","$995,247","$8,304","$1,595,869",,,"$34,465","$573,781","$775,349","$513,167",,,,"$1,371,075","$19,305","$439,449","$362,611","$76,350","$555,429",,"$1,014,510","$1,236,052","$170,035","$169,992","$1,411,299","$651,595","$155,742",,"$124,198",,"$10,466,689","$16,575","$438,073",
3270108,,Jackie & Ryan (2014),,,,,,,,,,,,,,,,,,,,,,,,,,,,,,,,,,,,,,,,,,,,,,,,,,,,,,,,,,,,"$15,316",,,,,,,,,,,,,,
0787500,,Love Comes Lately (2007),,,"$27,933",,,,"$99,742",,,,,,,,,"$78,079",,,,,,,"$21,946",,,,,,,,,,,,,,,,,,,,,,,,,,,,,,,,,,,,,,,,,,,,,,,,,,,
0386669,,Battle of the Brave (2004),,,,,,,,"$2,561",,,,,,,,"$1,599,716",,,,,,"$113,169",,,,,,,,,,,,,,,"$1,744",,,,,,,,,,,,,,,"$5,734",,,,,$714,,,,"$333,655",,,,,,,,,,,,,
3040964,,The Jungle Book (2016),"$8,862,758","$20,727,878","$2,303,017",,"$4,813,615","$842,959","$10,886,275","$763,873",,"$4,739,063","$150,431,684","$5,629,021","$45,898","$1,262,304","$2,883,901","$364,001,123","$1,349,242","$35,456","$42,500",,"$1,137,691","$28,011,400","$19,672,002",,,"$3,403,921","$509,468","$229,521","$38,835,000",,"$412,616","$11,956,478","$23,073,831",,,,"$140,199","$102,277","$5,685,000","$24,351,449","$10,665,030","$3,464,927",,"$3,677,980","$142,477",,"$1,461,681","$3,536,000","$2,507,223","$882,767",,"$1,797,170",,"$20,359,530","$28,626","$3,517,370","$347,278","$65,174","$2,126,980","$18,901,624","$19,385,604","$7,715,641","$3,701,126","$1,141,721","$2,270,210","$2,726,000","$5,219,657","$1,163,056","$1,723,037","$9,159,319","$66,601,849","$188,939","$1,517,326",
3819668,,"Dragon Ball Z: Resurrection ""F"" (2015)","$2,902,971","$1,093,511",,,,"$136,253","$1,207,904",,,"$1,391,670","$1,607,680","$796,314",,,,,"$899,015",,,,,,"$301,096",,,"$269,649",,,,,,"$589,376","$30,117,264",,,,,,"$225,065","$6,155,757",,"$135,419",,,"$1,803",,"$2,037,530","$5,416",,,,,,,"$2,919",,,,,"$150,465","$289,150",,,,,,"$41,529",,,"$96,420","$168,560","$45,799","$1,532,860","$16,785"
1137470,,Accidental Love (2015),,,,,,,,,,,,,,,,,,,,,,,,,,,,,,,,,,,,,,,"$17,789",,,,,,,,,,,,,,,,,,,,,,,,,,,,,,,,,,,
1087832,,Kod apokalipsisa (2007),,,,,,,,,,,"$2,044,984",,,,,,,,,,,,,,,,,,,,,,,,,,,,,,,,,,,,,,,,,,,"$8,035,021",,,,,,,,,,,,,,,,,,,,
0929261,,The Restless (2006),,,,,"$1,524",,,,,,,,,,,,,,,,,,,,,,,,,,,,,,,,,,"$23,415",,,,,,,,,,,,,"$6,435",,,,,,,,"$8,943,691",,,,,,,"$50,309",,,,,,,
2979920,,Bombay Velvet (2015),,"$42,055",,"$20,277",,,,,,,,,,,,,,,,,,,,,,,,,,,,,,,,,,,"$11,374",,,"$10,114",,,"$43,445",,,,,,"$35,326",,,,,,,,,,,,,,,,,,,,"$145,195",,,
1638355,,The Man from U.N.C.L.E. (2015),"$368,127","$3,236,386","$271,590",,"$420,269","$26,457","$1,318,299","$256,539",,"$89,422",,"$267,832","$139,568","$213,465","$203,117",,"$178,631","$141,782","$87,799",,"$121,957","$2,395,272","$2,011,305","$481,343","$481,343","$759,059","$466,937","$69,224","$553,991",,"$384,706","$859,792","$4,236,529","$48,348","$54,612","$101,511","$133,513","$84,287","$912,124","$1,997,078","$763,454","$799,061",,"$184,985",,,"$80,724","$533,198","$573,558","$367,608",,"$439,279",,"$9,094,917","$68,338","$1,133,843","$117,416",,"$303,061","$720,214","$2,950,066","$670,469",,"$136,546","$287,948","$2,371,500","$470,849","$575,577","$676,986","$1,408,709","$9,756,904","$9,433","$802,978","$543,529"
3339674,,Burying the Ex (2014),,,,,,,,,,,,,,,,,"$35,664",,,,,,,,,,,,,,,,,,,,,,,,,,,,,,"$566,905","$35,478",,,,,,,,"$28,583",,,,,,,,,,,,,,,,,,
3488710,,The Walk (2015),"$559,051","$722,113","$126,321","$84,715","$137,856","$69,480","$693,881","$114,189",,"$167,008","$13,773,172","$287,561","$82,743","$216,985","$153,234",,"$228,925","$169,766","$71,441","$2,626","$125,412","$1,356,733","$809,869","$1,920","$142,547","$670,129","$125,477","$20,339","$1,242,438",,"$417,938","$1,060,588","$2,434,973","$49,851","$17,541","$37,262","$139,512","$127,233","$657,340","$1,817,746","$281,575","$106,394","$41,159","$77,447","$134,280",,"$106,911","$263,238","$373,944","$166,436","$132,617","$309,529",,"$5,024,536","$32,891","$540,960","$89,342","$18,690","$109,001","$1,924,118","$2,249,956","$220,289",,"$70,535","$86,721","$729,835","$357,036","$304,397","$502,433","$1,182,785","$1,922,084","$25,328","$2,188,956","$67,027"
4172430,,13 Hours (2016),"$78,017","$962,948","$90,639",,,"$12,031","$272,376",,,"$34,493",,"$46,744",,"$64,131",,,"$57,431",,,,,"$681,210","$515,942",,,"$762,505",,"$30,061",,,,"$155,260",,,,,"$96,404",,"$592,862","$323,263","$182,041","$109,073",,"$93,089","$27,957",,"$30,712","$419,697",,"$96,022",,,,"$295,988",,"$406,077","$32,890",,"$39,423","$1,002,552","$581,860","$89,165",,,"$68,898","$1,385,274","$652,000",,"$33,713","$483,388","$339,443","$5,185","$53,324","$73,293"
3098306,,French Women (2014),,,,,,,,,,,,,,,,,,,,,,,,,,,,,,,,,,,,,,,,,,,,,,,,,,,,,,"$211,973",,,,,,,,,,,,,,,,,,,,
2098628,,Augustine (2012),,,,,,,"$155,038",,,,,,,,,,,,,,,,,,,,,,,,,,,,,,,,,,,,,,,,,,,,,,,,,,,,,,,,,,,,,,,,,,,
3121332,,Nasty Baby (2015),,,,,,,,,,,,,,,,,,,,,,,,,,,,,,,,,,,,,,,,,,,,,,,,,,,,,,,,,,,,,,,,,,,,,,,$972,,,
1566948,,"Thelma, Louise et Chantal (2010)",,,,,"$19,888",,,,,,,,,,,,,,,,,,,,,,,,,,,"$10,069",,,,,,,,,,,,,,,,,,,,,,,,,,,,,,,,,,,,,,,,,,
1002536,,As God Commands (2008),,,,,,,,,,,,,,,,,,,,,,,,,,,,,,,,"$4,496,101",,,,,,,,,,,,,,,,,,,,,,,,,,,,"$10,253",,,,,,,,,,,,,,
1680089,,Women Vs Men (2011),,,,,,,"$32,107",,,,,,,,,,,,,,,,,,,,,,,,,,,,,,,,,,,,,,,,,,,,,,,,,,,,,,,,,,,,,,,,,,,
1261055,,Giulia Doesn't Date at Night (2009),,,,,,,,,,,,,,,,,,,,,,,"$7,743",,,,,,,,,"$1,118,316",,,,,,,,,,,,,,,,,,,,,,,,,,,,,,,,,,,,,,,,,,
1964795,,The Red and the Blue (2012),,,,,,,,,,,,,,,,,,,,,,,"$2,284",,,,,,,,,"$1,720,151",,,,,,,,,,,,,,,,,"$6,203",,,,,,,,,,,,,,,,,,,,,,,,,
2076251,,The Worst Week of My Life (2011),,,,,,,,,,,,,,,,,,,,,,,,,,,,,,,,"$16,454,499",,,,,,,,,,,,,,,,,,,,,,,,,,,,,,,,,,,,,,,,,,
1680099,,Men Vs Women (2010),,,,,,,,,,,,,,,,,,,,,,,,,,,,,,,,"$18,452,860",,,,,,,,,,,,,,,,,,"$10,576",,,,,,,,,,,,,,,,,,,,,,,,
1866205,,Escort in Love (2011),,,,,,,,,,,,,,,,,,,,,,,,,,,,,,,,"$11,471,250",,,,,,,,,,,,,,,,,,,,,,,,,,,,,,,,,,,,"$26,572",,,,,,
1715356,,Tous les soleils (2011),,,,,"$197,142",,,,,,,,,,,,,,,,,"$3,828,067",,,,,,,,,,,,,,,,,,,"$268,504","$18,312",,,,,,,,,,,,,,,,,,,"$323,007",,,,,,,"$52,429",,,,,,
1698566,,Sorelle mai (2010),,,,,,,"$12,550",,,,,,,,,,,,,,,,,,,,,,,,,"$429,931",,,,,,,,,,,,,,,,,,,,,,,,,,,,,,,,,,,,,,,,,,
2290789,,Every Blessed Day (2012),"$27,597",,,,,,,,,,,,,,,,,,,,,,,,,,,,,,,"$2,717,393",,,,,,,,,,,,,,,,,,,,,,,,,,,,,"$24,659",,,,,,,,,,,"$1,820",,
2447934,,"White as Milk, Red as Blood (2013)",,,,,,,,,,,,,,,,,,,,,,,,,,,,,,,,"$4,191,786",,,,,,,,,,,,,,,,,"$2,126",,,,,,,,,,,,"$12,431",,,,,,,,,,,,,
3438354,,I Can Quit Whenever I Want (2014),,,,,,,,,,,,,,,,,,,,,,,,,,,,,,,,"$5,482,323",,,,,,,,,,,,,,,,,,"$2,332",,,,"$54,755",,,,,,,,,,,,,,,,,,,,
2401715,,The Devil's Violinist (2013),,,"$407,720",,,,,,,,,,,,,"$11,294",,,,,,,"$2,802,028",,,,,,,,,"$175,418",,,,,,,,"$534,750",,,,,,,"$22,937",,,,,,,,,,,,,"$115,271",,,,,,,,,,,,,,
3628598,,Remember Me? (2014),,,,,,,,,,,,,,,,,,,,,,,,,,,,,,,,"$1,005,018",,,,,,,,,,,,,,,,,,,,,,,,,,,,,"$15,266",,,,,,,,,,,,,
1054677,,The Best Things in the World (2010),,,,,,,"$1,214,499",,,,,,,,,,,,,,,,,,,,,,,,,"$5,617",,,,,,,,,,,,,,,,,,,,,,,,,,,,,,,,,,,,,,,,,,
3078718,,"Zoran, My Nephew the Idiot (2013)",,,"$15,362",,,,,,,,,"$1,426",,,,,,,,,,,"$20,116",,,,,,,,,"$798,582",,,,,,,,,,,,,,,,,,,,,,,,,,,,,,,,,,,,,,,,,,
2234543,,A Castle in Italy (2013),"$107,958","$75,442",,,,,"$66,145",,,,,,,,,,,,,,,,,,,,,,,,,,,,,,,,,,,,,,,,,,,,,,,,,,,,,,,,,,,,,,,,,"$4,931",,
2390283,,The Journey Home (2014),,,,,,,,,,,"$338,690",,,,,,,,,,,,,,,,,,,,,"$2,677,436",,,,,,,,,,,,,,,,,,,,,,,,,,,,,,,,,,,,,,,,,,
4065308,,Andiamo a quel paese (2014),,,,,,,,,,,,,,,,,,,,,,,,,,,,,,,,"$9,437,265",,,,,,,,,,,,,,,,,,,,,,"$25,033",,,,,,,,,,,,,,,,,,,,
1351672,,The Man Who Will Come (2009),"$9,838",,,,,,,,,,,,,,,,,,,,,,,,,,,,,,,"$2,997,043",,,,,,,,,,,,,,,,,,,,,,,,,,,,,,,,,,,,,,,,,,
0474917,,La seconda notte di nozze (2005),,,,,,,,,,,,,,,,,,,,,,,,,,,,,,,,"$4,235,042",,,,,,,,,,,,,,,,,,,,,,,,,,,,,"$158,537",,,,,,,,,,,,,
1075114,,Tutta la vita davanti (2008),,,"$69,918",,,,,,,,,,,,,,,,,,,,,,,,,,,,,"$5,648,340",,,,,,,,,,,,,,,,,,,,,,,,,,,,,,,,,,,,,,,,,,
1188988,,Ex (2009),"$73,365",,,,,,,,,,,,,,,,,,,,,,,,,,,,,,,,,,,,,,,,,,,,,,"$116,428",,,,,,,,,,,,,"$129,796",,,,,,"$16,700",,,,,,"$50,715",,
0478719,,Président (2006),,,,,"$20,874",,,,,,,,,,,,,,,,,"$2,045,056",,,,,,,,,,,,,,,,,,,,,,,,,,,,,,,,,,,,,,,,,,,,"$5,078",,,,,,,,
2309260,,The Gallows (2015),"$2,160,289","$736,731","$193,802",,,"$147,892","$752,693",,,"$380,543",,"$656,393",,,,,"$279,831",,,,,"$377,354","$399,253",,,,,"$21,442","$42,877",,,"$829,405",,"$54,811",,"$14,073","$61,199","$40,920","$207,897","$2,429,647","$175,364","$157,934",,"$187,609",,,"$451,178","$164,830","$317,883",,,,,"$1,371,164",,"$114,519","$32,352",,"$52,080",,"$876,570",,,,,"$523,267",,,,,"$1,165,784","$61,446","$1,223,583",
2184227,,Dormant Beauty (2012),"$32,776",,,,,,"$47,411",,,,,,,,,,,,,,,,,,,,,,,,,,,,,,,,,,,,,,,,,,,,,,,,,,,,,,,,,,,,,,,,,,,
1821700,,To Strike (2013),,"$53,207",,,,,,,,,,,,,,,,,,,,,,,,,,,,,,,,,,,,,,,,,,,,,,,,,,,,,,,,,,,,,,,,,,,,,,,,
1068956,,In the Name of God (2007),,,,,,,,,,,,,,,,,,,,,,,,,,,,,"$1,121,687",,,,,,,,,,,,,,,,,"$1,100,000",,,,,,,,,,,,,,,,,,,,,,,,,,,,
3142688,,Finding Fanny (2014),,"$44,211",,"$40,746",,,,,,,,,,,,,,,,,,,,,,,,,,,,,,,,,,,,,,"$23,629",,,,,,,,,,,,,,,,,,,,,,,,,,,,"$425,039","$315,316",,,
